<?xml version="1.0" encoding="utf-8"?>
<catalog >
	<AnyFileReadAndWrite>
		<desc>任意文件读写漏洞</desc>
		<item>->openFileOutput(Ljava/lang/String;I)Ljava/io/FileOutputStream;</item>
	</AnyFileReadAndWrite>
	<HardCode>
		<desc>密钥硬编码漏洞</desc>
		<item>Ljavax/crypto/spec/SecretKeySpec;-></item>
	</HardCode>
	<tcDanialOfService>
		<desc>强制类型转换本地拒绝服务漏洞</desc>
		<item>Landroid/content/Intent;->get.+Extra</item>
	</tcDanialOfService>
	<DanialOfServiceConponents>
		<desc>系统组件本地拒绝服务漏洞</desc>
		<item>Landroid/content/Intent;->get(?:Action|.+Extra)</item>
	</DanialOfServiceConponents>	
	<IntentSchemaURL>
		<desc>Intent Schema URL漏洞</desc>
		<item>Landroid/content/Intent;->parseUri</item>
	</IntentSchemaURL>
	<ContentProviderSQLInjection>
		<desc>Content Provider组件本地SQL注入漏洞</desc>
		<item>.super Landroid/content/ContentProvider;</item>
	</ContentProviderSQLInjection>	
	<CodeDynamicLoading>
		<desc>代码动态加载安全检测</desc>
		<item>Ldalvik/system/DexClassLoader->init</item>
		<item>Ldalvik/system/PathClassLoader;->init</item>
	</CodeDynamicLoading>	
	<CertificateWeakCheck>
		<desc>证书弱校验</desc>
		<item>.implements Ljavax/net/ssl/X509TrustManager;</item>
	</CertificateWeakCheck>	
	<HostnameWeakVerifier>
		<desc>主机名弱校验</desc>
		<item>.implements Ljavax/net/ssl/HostnameVerifier;</item>
	</HostnameWeakVerifier>	
	<HTTPSsensitivedatahijack>
		<desc>HTTPS敏感数据劫持漏洞</desc>
		<item>;->setHostnameVerifier</item>
	</HTTPSsensitivedatahijack>	
	<UnsafeHash>
		<desc>Hash算法不安全</desc>
		<item>Ljava/security/MessageDigest;->getInstance</item>
	</UnsafeHash>	
	<AESWeakSecret>
		<desc>AES弱加密</desc>
		<item>Ljavax/crypto/Cipher;->getInstance</item>
		<item>Ljavax/crypto/Cipher;</item>
	</AESWeakSecret>	
	<UnsafeLocat>
		<desc>Locat泄露隐私信息</desc>
		<item>Landroid/util/Log;->d</item>
		<item>Landroid/util/Log;->v</item>
	</UnsafeLocat>	
	<LogLeakRisk>
		<desc>日志泄漏风险</desc>
		<item>Ljava/io/PrintStream;->print</item>
		<item>Ljava/io/PrintStream;->println</item>
	</LogLeakRisk>	
	<PendingIntentMisuseRisk>
		<desc>PendingIntent误用风险</desc>
		<item>Landroid/app/PendingIntent;->getActivity</item>
		<item>Landroid/app/PendingIntent;->getBroadcast</item>
		<item>Landroid/app/PendingIntent;->getService</item>
	</PendingIntentMisuseRisk>	
	<InetentImplicitCall>
		<desc>Intent隐式调用</desc>
		<item>Landroid/content/Intent;->setAction</item>
	</InetentImplicitCall>	
	<AnyDatabaseReadAndWrite>
		<desc>数据库文件任意读写</desc>
		<item>;->openOrCreateDatabase</item>
		<item>Landroid/database/sqlite/SQLiteDatabase;</item>
	</AnyDatabaseReadAndWrite>	
	<WebviewHideAPI>
		<desc>WebView系统隐藏接口漏洞检测</desc>
		<item>Landroid/webkit/WebSettings;</item>
		<item>searchBoxJavaBridge_</item>
		<item>accessibility</item>
		<item>accessibilityTraversal</item>
	</WebviewHideAPI>	
	<WebviewRCE>
		<desc>WebView组件远程代码执行漏洞检测</desc>
		<item>Landroid/webkit/WebView;->addJavascriptInterface</item>
	</WebviewRCE>	
	<WebviewIgnoreSSLcer>
		<desc>WebView忽略SSL证书错误检测</desc>
		<item>Landroid/webkit/SslErrorHandler;->proceed</item>
	</WebviewIgnoreSSLcer>	
	<WebviewSecretPlaintextStorage>
		<desc>WebView明文存储密码</desc>
		<item>Landroid/webkit/WebSettings;->setSavePassword</item>
		<item>;->getSettings()Landroid/webkit/WebSettings;</item>
	</WebviewSecretPlaintextStorage>	
	<AnySharedPreferencesReadAndWrite>
		<desc>SharedPreferences任意读写</desc>
		<item>;->getSharedPreferences(Ljava/lang/String;I)Landroid/content/SharedPreferences;</item>
	</AnySharedPreferencesReadAndWrite>
	<AnyfileReadAndWrite>
		<desc>任意文件读写</desc>
		<item>MODE_WORLD_READABLE</item>	
		<item>MODE_WORLD_WRITEABLE</item>
		<item>;->openFileOutput(Ljava/lang/String;I)Ljava/io/FileOutputStream;</item>
	</AnyfileReadAndWrite>	
	<UnsafeRandomCode>
		<desc>随机数使用不安全</desc>
		<item>Ljava/security/SecureRandom;->setSeed</item>
		<item>Ljava/security/SecureRandom;-></item>
	</UnsafeRandomCode>
	<shunwang>
		<desc>顺网恶意sdk</desc>
		<item>http://mbl.shunwang.com/cfg/config.json</item>
		<item>com.shunwang.service.alarm</item>
	</shunwang>
</catalog>
