{"status_code":0,"data":{"id":"btzdlx","author":"Terry Paulson","content":"Winners lose more than losers, because they stay in the game. ","assign_date":"2021-01-06","ad_url":null,"origin_img_urls":["https://media-image1.baydn.com/soup_pub_image/bnznli/342fd1fa34c0ee26a855c59700cf494b.a72dfdd01bf81ca27e368e8f6edf0528.jpeg@!fhd_webp","https://media-image1.qiniu.baydn.com/soup_pub_image/bnznli/342fd1fa34c0ee26a855c59700cf494b.a72dfdd01bf81ca27e368e8f6edf0528.jpeg?imageView2/2/w/1080/format/webp"],"share_img_urls":["https://media-image1.baydn.com/soup_pub_image/bnznli/b893281cf7c46e9a91a264cb6556d6fd.20fe1c9e31bde16d8ce81d8a289dbaab.jpeg@!w720","https://media-image1.qiniu.baydn.com/soup_pub_image/bnznli/b893281cf7c46e9a91a264cb6556d6fd.20fe1c9e31bde16d8ce81d8a289dbaab.jpeg?imageView2/2/w/720/"],"share_url":"https://www.shanbay.com/soup/mobile/quote/2021-01-06/","share_urls":{"shanbay":"https://www.shanbay.com/soup/mobile/quote/2021-01-06/","qzone":"https://www.shanbay.com/soup/mobile/quote/2021-01-06/","weibo":"https://www.shanbay.com/soup/mobile/quote/2021-01-06/","wechat_user":"https://www.shanbay.com/soup/mobile/quote/2021-01-06/","wechat":"https://www.shanbay.com/soup/mobile/quote/2021-01-06/"},"track_object":{"object_id":3259,"share_url":"https://www.shanbay.com/soup/mobile/quote/2021-01-06/","code":"abb22"},"translation":"胜利者比失败者输得场次更多，因为他们一直留在赛场上。"},"msg":"SUCCESS"}