,symbol,product,min_deposit,min_unit,exchange
0,NID,伦敦镍,0.07,6,LME
1,PBD,伦敦铅,0.1,25,LME
2,SND,伦敦锡,0.05,5,LME
3,ZSD,伦敦锌,0.1,25,LME
4,AHD,伦敦铝,0.08,25,LME
5,CAD,伦敦铜,0.08,25,LME
6,XAU,伦敦金,0.1,1,LME
7,XAG,伦敦银,0.1,100,LME
8,XPT,伦敦铂金,0.1,1,LME
9,S,美黄豆,0.1,5000,CBOT
10,W,美小麦,0.1,5000,CBOT
11,C,美玉米,0.1,5000,CBOT
12,BO,美豆油,0.1,60000,CBOT
13,SM,美豆粕,0.1,100,CBOT
14,HG,纽约铜,0.1,25000,NYMEX
15,SI,纽约白银,0.08,5000,NYMEX
16,GC,纽约黄金,0.08,100,NYMEX
17,CL,纽约原油,0.07,1000,NYMEX
18,NG,纽约天然气,0.07,10000,NYMEX
